brecordernews,196965482
MRPHSupplyChain,943369448035049472
SAP,76117579
brecordernews,196965482
gerrydekker,38840291
SAPAriba,19692276
NickWelsh5,3157560454
Strathmore_RFC,193332349
StrathCommTrust,1013781528030138370
stracathro_1,4644079397
Davos,102700680
bancosantander,246196403
SDenecken,202142013
SAPCloudERP,194686967
SAP,76117579
ManimoyBiswas,303713435
ChrisatSAP,256927686
ideasingh,41553608
ICS_Jobs,61486580
ICS_Jobs,61486580
ICS_Jobs,61486580
ideasingh,41553608
ICS_Jobs,61486580
ICS_Jobs,61486580
ICS_Jobs,61486580
forrester,7712452
lizherbert,16546524
SAPAriba,19692276
Compera,130839241
EnexisGroep,805766625790164992
SAP_RPA,179481835
SAPDigitalSvcs,454219112
mvollmer1,99674560
MRPHSupplyChain,943369448035049472
SAP,76117579
anil_marali,324465363
SAPBusinessOne,16631090
mvollmer1,99674560
mvollmer1,99674560
mvollmer1,99674560
mvollmer1,99674560
MRPHSupplyChain,943369448035049472
SAP,76117579
Strathmore_RFC,193332349
StrathCommTrust,1013781528030138370
stracathro_1,4644079397
happyeggshaped,4339303948
AndyCummins14,1053618602753048578
SarahHogwood,2301514572
FagersonMatt,1382293908
ZanderFagerson,1469402270
samgw,19859809
MurrayMitchell_,743355698
MRPHSupplyChain,943369448035049472
SAP,76117579
aagraber,65068591
MRPHSupplyChain,943369448035049472
SAP,76117579
SAP,76117579
SAP,76117579
tpy_Innovation,1219520491716861952
anil_marali,324465363
yutakashino,4167551
interoperable10,130882212
rosenbergann,24735785
AccentureTech,2423931254
antgrasso,4338452835
MikeQuindazzi,2344530218
Fisher85M,846014785246367745
maihiroGmbH,3652324817
SAP_RPA,179481835
SAPDigitalSvcs,454219112
SAP_RPA,179481835
SAPDigitalSvcs,454219112
rosenbergann,24735785
SAP_RPA,179481835
SAPDigitalSvcs,454219112
QAD_Community,17392995
Brandyovotnyseo,1165940942106312704
Brandyovotnyseo,1165940942106312704
Brandyovotnyseo,1165940942106312704
SAPNextGen,326687296
UNTILabs,850367154067263488
rosenbergann,24735785
SAPNextGen,326687296
Lise_Kingo,827279626300846085
jocdart,536174327
STEM_Indonesia,206500474
capgemini_ch,3363886354
SAP,76117579
Managecore,803637194984333312
birlasoft,186384967
rosenbergann,24735785
successfactors,12962752
talentsavvy,92896876
SUSE,363924887
IBM,18994444
DanielleLarocca,20984244
EPIUSELabs,552503948
SUSE,363924887
Yuli_Sidharta,59009225
MicropoleBeLux,309638145
nabheet,176257730
SAP,76117579
MicropoleBeLux,309638145
nabheet,176257730
SAP,76117579
csklar,21813710
sap_le,445988818
Yogithaaa,973847412170162176
javs_12,277692877
SAP,76117579
Managecore,803637194984333312
IBM,18994444
lebribri,375598084
UrsBolt,875122621
Currencycloud,260316814
UrsBolt,875122621
Currencycloud,260316814
UrsBolt,875122621
Currencycloud,260316814
openSAP,1396484258
cleartechit,168111861
IBMPowerSystems,116583614
IBMChampions,2458213466
TechData_IBM,1728859032
UrsBolt,875122621
Currencycloud,260316814
UnibrightIO,896078064261763072
Currencycloud,260316814
Visa,551373363
Ryan_Browne_,283616655
CNBC,20402945
SAP_CX,20263610
Marilyn_ogerseo,1148531035707019264
Marilyn_ogerseo,1148531035707019264
sapcentriceam,270449391
successfactors,12962752
UnitedVARs,1466633142
DXCOxygen,42197855
Marilyn_ogerseo,1148531035707019264
ASUG365,28362415
SAP,76117579
Marilyn_ogerseo,1148531035707019264
Marilyn_ogerseo,1148531035707019264
Marilyn_ogerseo,1148531035707019264
Marilyn_ogerseo,1148531035707019264
Marilyn_ogerseo,1148531035707019264
Marilyn_ogerseo,1148531035707019264
Marilyn_ogerseo,1148531035707019264
taceventsworld,166523474
rrevins,23811878
savoiet,55894989
UnibrightIO,896078064261763072
openSAP,1396484258
WWE,7517222
UnibrightIO,896078064261763072
UnibrightIO,896078064261763072
UnibrightIO,896078064261763072
UnibrightIO,896078064261763072
Nic_ola,16326668
UrsBolt,875122621
Currencycloud,260316814
UrsBolt,875122621
Currencycloud,260316814
UrsBolt,875122621
Currencycloud,260316814
UrsBolt,875122621
Currencycloud,260316814
digitalassetcom,3245509722
UnibrightIO,896078064261763072
digitalassetcom,3245509722
UnibrightIO,896078064261763072
digitalassetcom,3245509722
UnibrightIO,896078064261763072
UrsBolt,875122621
Currencycloud,260316814
UrsBolt,875122621
Currencycloud,260316814
lebribri,375598084
UrsBolt,875122621
Currencycloud,260316814
UrsBolt,875122621
Currencycloud,260316814
UrsBolt,875122621
Currencycloud,260316814
openSAP,1396484258
cleartechit,168111861
IBMPowerSystems,116583614
IBMChampions,2458213466
TechData_IBM,1728859032
UrsBolt,875122621
Currencycloud,260316814
UnibrightIO,896078064261763072
Currencycloud,260316814
Visa,551373363
Ryan_Browne_,283616655
CNBC,20402945
SAP_CX,20263610
Marilyn_ogerseo,1148531035707019264
Marilyn_ogerseo,1148531035707019264
sapcentriceam,270449391
successfactors,12962752
UnitedVARs,1466633142
DXCOxygen,42197855
Marilyn_ogerseo,1148531035707019264
ASUG365,28362415
SAP,76117579
Marilyn_ogerseo,1148531035707019264
Marilyn_ogerseo,1148531035707019264
Marilyn_ogerseo,1148531035707019264
Marilyn_ogerseo,1148531035707019264
Marilyn_ogerseo,1148531035707019264
Marilyn_ogerseo,1148531035707019264
Marilyn_ogerseo,1148531035707019264
taceventsworld,166523474
rrevins,23811878
savoiet,55894989
UnibrightIO,896078064261763072
openSAP,1396484258
WWE,7517222
UnibrightIO,896078064261763072
UnibrightIO,896078064261763072
UnibrightIO,896078064261763072
UnibrightIO,896078064261763072
Nic_ola,16326668
mikemasonca,14515998
thoughtworks,23009949
sapongcp,1215213005270593537
Qualtrics,19033431
NiloQu,469668578
BetzOliver,495980642
Nic_ola,16326668
rosejason,176964746
NRFBigShow,85728742
SAP_CX,20263610
taceventsworld,166523474
openSAP,1396484258
ASUG365,28362415
SAP,76117579
BetzOliver,495980642
Symmetry_Corp,57139815
adamvertising,557783554
masslivenews,14408989
sapsecuritynews,106431188
taceventsworld,166523474
digitalassetcom,3245509722
UnibrightIO,896078064261763072
UrsBolt,875122621
Currencycloud,260316814
UrsBolt,875122621
Currencycloud,260316814
lebribri,375598084
UrsBolt,875122621
Currencycloud,260316814
UrsBolt,875122621
Currencycloud,260316814
UrsBolt,875122621
Currencycloud,260316814
openSAP,1396484258
cleartechit,168111861
IBMPowerSystems,116583614
IBMChampions,2458213466
TechData_IBM,1728859032
UrsBolt,875122621
Currencycloud,260316814
UnibrightIO,896078064261763072
Currencycloud,260316814
Visa,551373363
Ryan_Browne_,283616655
CNBC,20402945
SAP_CX,20263610
Marilyn_ogerseo,1148531035707019264
Marilyn_ogerseo,1148531035707019264
sapcentriceam,270449391
successfactors,12962752
UnitedVARs,1466633142
DXCOxygen,42197855
Marilyn_ogerseo,1148531035707019264
ASUG365,28362415
SAP,76117579
Marilyn_ogerseo,1148531035707019264
Marilyn_ogerseo,1148531035707019264
Marilyn_ogerseo,1148531035707019264
Marilyn_ogerseo,1148531035707019264
Marilyn_ogerseo,1148531035707019264
Marilyn_ogerseo,1148531035707019264
Marilyn_ogerseo,1148531035707019264
taceventsworld,166523474
rrevins,23811878
savoiet,55894989
UnibrightIO,896078064261763072
openSAP,1396484258
WWE,7517222
UnibrightIO,896078064261763072
UnibrightIO,896078064261763072
UnibrightIO,896078064261763072
UnibrightIO,896078064261763072
Nic_ola,16326668
mikemasonca,14515998
thoughtworks,23009949
sapongcp,1215213005270593537
Qualtrics,19033431
NiloQu,469668578
BetzOliver,495980642
Nic_ola,16326668
rosejason,176964746
NRFBigShow,85728742
SAP_CX,20263610
taceventsworld,166523474
openSAP,1396484258
ASUG365,28362415
SAP,76117579
BetzOliver,495980642
Symmetry_Corp,57139815
adamvertising,557783554
masslivenews,14408989
sapsecuritynews,106431188
taceventsworld,166523474
SusanLandryoseo,1165953683223281669
UrsBolt,875122621
Currencycloud,260316814
UrsBolt,875122621
Currencycloud,260316814
SusanLandryoseo,1165953683223281669
SusanLandryoseo,1165953683223281669
SusanLandryoseo,1165953683223281669
SAP_RPA,179481835
SAP_RPA,179481835
SusanLandryoseo,1165953683223281669
SusanLandryoseo,1165953683223281669
grimmda,23760194
SusanLandryoseo,1165953683223281669
SusanLandryoseo,1165953683223281669
SusanLandryoseo,1165953683223281669
SusanLandryoseo,1165953683223281669
SusanLandryoseo,1165953683223281669
SusanLandryoseo,1165953683223281669
SusanLandryoseo,1165953683223281669
SusanLandryoseo,1165953683223281669
SusanLandryoseo,1165953683223281669
openSAP,1396484258
openSAP,1396484258
forrester,7712452
DellTech,715901816857358336
SAPIndia,325014410
SUSE_Italia,862316234565660673
streetdancer_,1082544105987731457
TSeries,286036879
TSeries,286036879
ShraddhaKapoor,317034396
Varun_dvn,366947884
remodsouza,3226973946
Sahil12907948,1201159758041845760
Bollyhungama,41549052
BeingSalmanKhan,132385468
Varun_dvn,366947884
ShraddhaKapoor,317034396
taran_adarsh,99642673
taran_adarsh,99642673
pinkvilla,14182050
Bollyhungama,41549052
BeingSalmanKhan,132385468
Varun_dvn,366947884
ShraddhaKapoor,317034396
Bollyhungama,41549052
BeingSalmanKhan,132385468
Varun_dvn,366947884
ShraddhaKapoor,317034396
taran_adarsh,99642673
vishalagga,318517082
NishkamSWAT,479556097
spotifyindia,1031461493466783744
Norafatehi,1707630234
Faizu00368640,1203681511746109446
Varun_dvn,366947884
sidharth_shukla,1396961022
VarunTrends,1185412148823871489
streetdancer_,1082544105987731457
ursniresh,137733286
Varun_dvn,366947884
ShraddhaKapoor,317034396
Norafatehi,1707630234
PDdancing,700568101
remodsouza,3226973946
Faizu00368640,1203681511746109446
Varun_dvn,366947884
sidharth_shukla,1396961022
_znb_khan,794630711231782912
sri50,44900754
Tutejajoginder,168692355
DuttKriti,4853070913
Varun_dvn,366947884
DuttKriti,4853070913
DuttKriti,4853070913
ShraddhaKapoor,317034396
taran_adarsh,99642673
TwinEngine_,1015864192643969024
BlogDrive,978044029
taran_adarsh,99642673
Alizaaa_VD,802657650752319488
taran_adarsh,99642673
sumit55391769,799585391233748992
Varun_dvn,366947884
taran_adarsh,99642673
Bollyhungama,41549052
BeingSalmanKhan,132385468
Varun_dvn,366947884
ShraddhaKapoor,317034396
Alizaaa_VD,802657650752319488
Varun_dvn,366947884
ShraddhaKapoor,317034396
remodsouza,3226973946
ETPanache,36323511
spotifyindia,1031461493466783744
Varun_dvn,366947884
ShraddhaKapoor,317034396
rishitaa_,2850086832
Varun_dvn,366947884
ShraddhaKapoor,317034396
BeingSalmanKhan,132385468
Varun_dvn,366947884
ShraddhaKapoor,317034396
Norafatehi,1707630234
remodsouza,3226973946
ColorsTV,18238260
Sweetie_Tweetz,1115824744253857794
Varun_dvn,366947884
TSeries,286036879
ETPanache,36323511
sonudub47749189,717826201805410304
BeingSalmanKhan,132385468
BSKFanClub,555791715
KiraakSalmaniac,971679104
Iftykhan15,923842541602164736
amiteshdubey02,1166732016647163904
AsliDevil,2917482154
notorious_heart,2426435516
salmanuniv,174228007
SabinaLamba,43948799
SalmanBeingSona,725648076023697409
ETPanache,36323511
TSeries,286036879
sumit55391769,799585391233748992
Varun_dvn,366947884
TheAnujRadia,539126173
Varun_dvn,366947884
ShraddhasNisha,2995862772
TwinEngine_,1015864192643969024
TheRaghav_Juyal,2420079396
Varun_dvn,366947884
ShraddhaKapoor,317034396
Norafatehi,1707630234
taran_adarsh,99642673
TwinEngine_,1015864192643969024
Varun_dvn,366947884
DrNupurrk,2240370774
Varun_dvn,366947884
sidharth_shukla,1396961022
sri50,44900754
bombaytimes,3099486241
BeingSalmanKhan,132385468
ameshidvn,1220274355302621189
PrajaktaJoshi13,2204595792
Varun_dvn,366947884
taran_adarsh,99642673
taran_adarsh,99642673
TSeries,286036879
etimes,30857481
BeingSalmanKhan,132385468
Varun_dvn,366947884
ShraddhaKapoor,317034396
TwinEngine_,1015864192643969024
taran_adarsh,99642673
TwinEngine_,1015864192643969024
sumit55391769,799585391233748992
Varun_dvn,366947884
Faizu00368640,1203681511746109446
Varun_dvn,366947884
sidharth_shukla,1396961022
BeingSalmanKhan,132385468
Varun_dvn,366947884
ShraddhaKapoor,317034396
Bollyhungama,41549052
TSeries,286036879
PrajaktaJoshi13,2204595792
Varun_dvn,366947884
TheAnujRadia,539126173
Varun_dvn,366947884
TwinEngine_,1015864192643969024
taran_adarsh,99642673
ShraddhaxDaily,1410243661
ShraddhaKapoor,317034396
TSeries,286036879
TwinEngine_,1015864192643969024
taran_adarsh,99642673
TwinEngine_,1015864192643969024
ETPanache,36323511
TSeries,286036879
sumit55391769,799585391233748992
Varun_dvn,366947884
taran_adarsh,99642673
taran_adarsh,99642673
spotifyindia,1031461493466783744
Varun_dvn,366947884
ShraddhaKapoor,317034396
Varun_dvn,366947884
TheRaghav_Juyal,2420079396
Varun_dvn,366947884
Faizu00368640,1203681511746109446
Varun_dvn,366947884
sidharth_shukla,1396961022
VarunDvn,810487022
ShraddhaKapoor,317034396
BeingSalmanKhan,132385468
BiggBoss,1652516689
sumit55391769,799585391233748992
Varun_dvn,366947884
TSeries,286036879
SDenecken,202142013
UnibrightIO,896078064261763072
Smart_Contract,2904107388
AnyblockTools,1003962496259149824
PowerMan4Evr,383893310
dscheer,14776849
sapcp,577298820
PORTAL_SAP,122969804
SAPCAI,3841309414
EsriIndia,1023621674
consolut_gmbh,1187333124230909952
SDenecken,202142013
challarajendra,994113379378712576
eDrishyaa_SAP,2519783612
UnibrightIO,896078064261763072
Smart_Contract,2904107388
AnyblockTools,1003962496259149824
detaysoft,80501946
elena_lcrl,3630599306
SAPInsideTrack,20230351
openSAP,1396484258
SAPBusinessOne,16631090
SAPBusinessOne,16631090
SusanLandryoseo,1165953683223281669
janmusil,114288841
CrunchyGreenNut,562965397
reviewjournal,15358759
SusanLandryoseo,1165953683223281669
Marilyn_ogerseo,1148531035707019264
Marilyn_ogerseo,1148531035707019264
Marilyn_ogerseo,1148531035707019264
Marilyn_ogerseo,1148531035707019264
Marilyn_ogerseo,1148531035707019264
CapgeminiIndia,44105494
embraer,398002001
lebribri,375598084
SusanLandryoseo,1165953683223281669
SusanLandryoseo,1165953683223281669
SusanLandryoseo,1165953683223281669
CapgeminiIndia,44105494
GlobalCoachyd,1103605933270282241
CapgeminiIndia,44105494
CapgeminiIndia,44105494
en_germany,21082756
Davos,102700680
ChrstnKlein,828531802184753152
bitcoin_brown,1107742918952083462
sap4good,20659742
UnibrightIO,896078064261763072
Smart_Contract,2904107388
AnyblockTools,1003962496259149824
SAPMidsize,2487099612
successfactors,12962752
sambitswaraj,1368737382
maxstreifeneder,994216649904582656
UnibrightIO,896078064261763072
Smart_Contract,2904107388
AnyblockTools,1003962496259149824
en_germany,21082756
Davos,102700680
ChrstnKlein,828531802184753152
BristleconeSCC,1169205949
digitalistmag,491462544
UHDTrader,958059227855060993
SAP,76117579
VerbTech_Co,1861240566
saptv,19203000
UHDTrader,958059227855060993
HealthITNews,17154954
KaanTurnali,1317763788
Bramasol,303992665
mukesh,1399621
PowerMan4Evr,383893310
anil_marali,324465363
SAP_Jarret,21263041
modery,39520560
ASUG365,28362415
SUSE,363924887
Centiq,35676608
UnibrightIO,896078064261763072
gendal,5750512
inside_r3,3025777607
Forbes,91478624
tpowlas,141752902
SAPCloudERP,194686967
SAP_RPA,179481835
SAPNextGen,326687296
SAP,76117579
whoellri,20115773
JanGilg,140177796
gangadharansind,18867596
AAATrade,3071611441
AAATrade,3071611441
UnibrightIO,896078064261763072
gendal,5750512
inside_r3,3025777607
Forbes,91478624
dvankempen,314511117
UnibrightIO,896078064261763072
gendal,5750512
inside_r3,3025777607
Forbes,91478624
Symmetry_Corp,57139815
HR_Path,257025355
HR_Path,257025355
jzj1667,997484202479140865
hrpathlatam,996053651180339201
UnibrightIO,896078064261763072
gendal,5750512
inside_r3,3025777607
Forbes,91478624
TechnoWise_ind,973540069196926976
UnibrightIO,896078064261763072
gendal,5750512
inside_r3,3025777607
Forbes,91478624
UnibrightIO,896078064261763072
gendal,5750512
inside_r3,3025777607
Forbes,91478624
UnibrightIO,896078064261763072
gendal,5750512
inside_r3,3025777607
Forbes,91478624
SAPInMemory,177663215
PureStorage,193510857
TechnoWise_ind,973540069196926976
JanGilg,140177796
gangadharansind,18867596
SarahNoack2,1034798146549952512
CentiqLtd,68660627
Capgemini,14109159
dlumley1,427735339
UpperEdge,115456568
dcdjerf,1063498053590630402
BIAconference,811243590848577536
UnibrightIO,896078064261763072
gendal,5750512
inside_r3,3025777607
Forbes,91478624
MalcolmHamilto,52671499
iecisa,480504416
JanGilg,140177796
gangadharansind,18867596
pkbrd,721226760151572480
EquinorEU,1004355111265689600
EquinorWindUS,1118517115777110016
telosglobal_ltd,1140756550287593472
UnibrightIO,896078064261763072
gendal,5750512
inside_r3,3025777607
Forbes,91478624
UnibrightIO,896078064261763072
gendal,5750512
inside_r3,3025777607
Forbes,91478624
ChrisatSAP,256927686
DeloitteSAP,226010706
Divyanshi439,864481820674359296
UnibrightIO,896078064261763072
gendal,5750512
inside_r3,3025777607
Forbes,91478624
UnibrightIO,896078064261763072
gendal,5750512
inside_r3,3025777607
Forbes,91478624
UnibrightIO,896078064261763072
gendal,5750512
inside_r3,3025777607
Forbes,91478624
UnibrightIO,896078064261763072
gendal,5750512
inside_r3,3025777607
Forbes,91478624
UnibrightIO,896078064261763072
gendal,5750512
inside_r3,3025777607
Forbes,91478624
SAP_Jarret,21263041
SAP_Jarret,21263041
dahowlett,609543
gendal,5750512
inside_r3,3025777607
Forbes,91478624
BIAconference,811243590848577536
Applexus,121128859
IBMEurope,14569227
VU_India,927843408562892803
QAInfoTech,59374658
